Crop_Name,Crop_Type,Ideal_Soil,Sowing_Season,Temperature_Min_C,Temperature_Max_C,Harvest_Days,Growth_Stages,Crop_Encoded,Watering_Frequency,Organic_Fertilizers,Pest_Management,Growth_Stages_Detailed,Ideal_Soil_pH,Suitable_For_Weather,Additional_Tips
Potato,Vegetable,Black soil,June-July,19,33,84,GerminationГўВЂВ“Bud formationГўВЂВ“MaturityГўВЂВ“VegetativeГўВЂВ“Flowering,79,Every 2 days,"Pressmud compost, Leaf compost, Farmyard manure","Neem seed kernel extract, Light traps","Seedling: 0-15, Vegetative: 16-35, Flowering: 36-55, Harvest: 56-90",6.1ГўВЂВ“7.2,Yes,Use disease-free seed tubers;Avoid fresh manure before planting;Earth up soil to protect tubers;Maintain uniform moisture during tuber formation;Harvest after vines dry for better storage
Onion,Vegetable,Red soil,Feb-Mar,23,36,78,MaturityГўВЂВ“VegetativeГўВЂВ“FloweringГўВЂВ“GerminationГўВЂВ“Bud formation,66,Weekly,"Seaweed compost, Fish amino acid, Green manure","Turmeric spray, Sticky traps","Seedling: 0-15, Vegetative: 16-35, Flowering: 36-55, Harvest: 56-90",5.5ГўВЂВ“6.3,Yes,Ensure well-drained soil;Reduce nitrogen after bulb initiation;Control thrips early with neem spray;Stop irrigation before harvest;Cure bulbs properly before storage
Tomato,Vegetable,Loamy,Oct-Nov,20,30,75,SproutingГўВЂВ“MaturityГўВЂВ“ReproductiveГўВЂВ“Vegetative,98,Twice a week,"Cow dung compost, Vermicompost, Bio-compost","Turmeric spray, Sticky traps","Seedling: 0-15, Vegetative: 16-35, Flowering: 36-55, Harvest: 56-90",5.3ГўВЂВ“6.5,Yes,Provide staking or trellis support;Avoid waterlogging during flowering;Apply calcium-rich organic inputs;Use neem oil for whitefly control;Harvest at breaker stage for shelf life
Eggplant,Vegetable,Loamy,Oct-Nov,20,30,75,TasselingГўВЂВ“MaturityГўВЂВ“VegetativeГўВЂВ“Cob formationГўВЂВ“Germination,32,Twice a week,"Seaweed compost, Fish amino acid, Green manure","Chili garlic spray, Soil solarization","Seedling: 0-15, Vegetative: 16-35, Flowering: 36-55, Harvest: 56-90",5.4ГўВЂВ“6.4,Yes,Remove borer-affected shoots;Maintain proper spacing for airflow;Apply neem cake at planting;Avoid excess nitrogen;Harvest fruits while tender
Okra,Vegetable,Red soil,June-July,23,36,98,MaturityГўВЂВ“TilleringГўВЂВ“ReproductiveГўВЂВ“GerminationГўВЂВ“Stem elongation,65,Weekly,"Seaweed compost, Fish amino acid, Green manure","Soil solarization, Chili garlic spray","Seedling: 0-15, Vegetative: 16-35, Flowering: 36-55, Harvest: 56-90",5.2ГўВЂВ“6.1,Yes,Sow in warm soil conditions;Harvest pods frequently;Control aphids early;Avoid excess nitrogen;Maintain field hygiene
Cauliflower,Vegetable,Loamy,June-July,20,30,85,FloweringГўВЂВ“GerminationГўВЂВ“Bud formationГўВЂВ“MaturityГўВЂВ“Vegetative,17,Every 3 days,"Leaf compost, Farmyard manure, Rhizobium compost","Wood ash treatment, Trichoderma","Seedling: 0-15, Vegetative: 16-35, Flowering: 36-55, Harvest: 56-90",6.2ГўВЂВ“7.1,Yes,Maintain uniform irrigation during curd growth;Protect curds from direct sunlight;Avoid excess nitrogen after curd initiation;Control caterpillars early;Harvest compact curds timely
Cabbage,Vegetable,Black soil,May-June,24,38,69,FloweringГўВЂВ“FruitingГўВЂВ“MaturityГўВЂВ“GerminationГўВЂВ“Seedling,15,Every 3 days,"Neem cake, Seaweed compost, Fish amino acid","Sticky traps, Turmeric spray","Seedling: 0-15, Vegetative: 16-35, Flowering: 36-55, Harvest: 56-90",5.0ГўВЂВ“5.8,Yes,Maintain proper spacing;Apply organic manure early;Prevent caterpillars using neem or nets;Avoid moisture stress during head formation;Harvest firm heads
Carrot,Vegetable,Loamy,June-July,15,25,60,Cob formationГўВЂВ“GerminationГўВЂВ“TasselingГўВЂВ“MaturityГўВЂВ“Vegetative,16,Every 2 days,"Leaf compost, Farmyard manure, Rhizobium compost","Chili garlic spray, Soil solarization","Seedling: 0-15, Vegetative: 16-35, Flowering: 36-55, Harvest: 56-90",5.9ГўВЂВ“6.9,Yes,Prepare deep loose soil;Avoid fresh manure;Thin seedlings for root size;Maintain consistent moisture;Harvest at optimal maturity
Radish,Vegetable,Loamy,June-July,15,25,60,Cob formationГўВЂВ“GerminationГўВЂВ“TasselingГўВЂВ“MaturityГўВЂВ“Vegetative,81,Every 2 days,"Fish amino acid, Green manure, Potash compost","Chili garlic spray, Soil solarization","Seedling: 0-15, Vegetative: 16-35, Flowering: 36-55, Harvest: 56-90",5.0ГўВЂВ“5.8,Yes,Use loose soil to prevent deformation;Maintain regular irrigation;Harvest early to avoid fibrous roots;Apply balanced organic nutrients;Control flea beetles organically
Spinach,Vegetable,Sandy loam,June-July,21,32,96,VegetativeГўВЂВ“SproutingГўВЂВ“MaturityГўВЂВ“Reproductive,90,Every 2 days,"Neem cake, Seaweed compost, Fish amino acid","Light traps, Neem seed kernel extract","Seedling: 0-15, Vegetative: 16-35, Flowering: 36-55, Harvest: 56-90",6.3ГўВЂВ“7.5,Yes,Harvest outer leaves frequently;Maintain steady moisture without stagnation;Apply liquid organic manure;Provide partial shade in heat;Remove yellow leaves
Fenugreek Leaves,Vegetable,Sandy loam,Feb-Mar,21,32,66,VegetativeГўВЂВ“Grain fillingГўВЂВ“GerminationГўВЂВ“Panicle initiationГўВЂВ“Maturity,34,Weekly,"Phosphate compost, Jeevamrut, Azolla","Neem oil spray, Beauveria bassiana","Seedling: 0-15, Vegetative: 16-35, Flowering: 36-55, Harvest: 56-90",5.5ГўВЂВ“6.3,Yes,Avoid over-irrigation;Harvest early for tenderness;Apply light organic manure;Control aphids with neem oil;Rotate crops regularly
Bottle Gourd,Vegetable,Black soil,Oct-Nov,24,38,89,SproutingГўВЂВ“MaturityГўВЂВ“ReproductiveГўВЂВ“Vegetative,13,Every 3 days,"Green manure, Potash compost, Panchagavya","Wood ash treatment, Trichoderma","Seedling: 0-15, Vegetative: 16-35, Flowering: 36-55, Harvest: 56-90",5.6ГўВЂВ“6.7,Yes,Provide trellis support;Avoid water stress during flowering;Encourage pollinators;Control fruit fly early;Harvest fruits while tender
Bitter Gourd,Vegetable,Clay loam,June-July,17,29,62,SeedlingГўВЂВ“VegetativeГўВЂВ“FloweringГўВЂВ“FruitingГўВЂВ“Maturity,10,Weekly,"Panchagavya, Pressmud compost, Leaf compost","Pheromone traps, Ginger-garlic extract","Seedling: 0-15, Vegetative: 16-35, Flowering: 36-55, Harvest: 56-90",5.0ГўВЂВ“5.8,Yes,Train vines on trellis;Maintain regular irrigation;Assist pollination if needed;Use bait traps for fruit fly;Harvest young fruits
Ridge Gourd,Vegetable,Loamy,Oct-Nov,15,25,100,TilleringГўВЂВ“ReproductiveГўВЂВ“GerminationГўВЂВ“Stem elongationГўВЂВ“Maturity,85,Every 2 days,"Azolla, Cow dung compost, Vermicompost","Pseudomonas, Cow urine spray","Seedling: 0-15, Vegetative: 16-35, Flowering: 36-55, Harvest: 56-90",6.3ГўВЂВ“7.5,Yes,Provide strong support for vines;Avoid excess irrigation at maturity;Remove malformed fruits;Control sucking pests early;Harvest when ridges are soft
Snake Gourd,Vegetable,Black soil,Feb-Mar,24,38,79,MaturityГўВЂВ“GerminationГўВЂВ“SeedlingГўВЂВ“VegetativeГўВЂВ“Flowering,87,Twice a week,"Green manure, Potash compost, Panchagavya","Chili garlic spray, Soil solarization","Seedling: 0-15, Vegetative: 16-35, Flowering: 36-55, Harvest: 56-90",5.0ГўВЂВ“5.8,Yes,Train vines vertically;Maintain even soil moisture;Assist pollination during low insect activity;Remove damaged fruits;Harvest before seeds harden
Ash Gourd,Vegetable,Black soil,Feb-Mar,24,38,79,ReproductiveГўВЂВ“VegetativeГўВЂВ“SproutingГўВЂВ“Maturity,3,Twice a week,"Mustard cake, Neem cake, Seaweed compost","Soil solarization, Chili garlic spray","Seedling: 0-15, Vegetative: 16-35, Flowering: 36-55, Harvest: 56-90",5.0ГўВЂВ“5.8,Yes,Allow wide spacing for vines;Avoid waterlogging early;Support developing fruits;Control leaf-eating insects;Harvest when rind hardens
Pumpkin,Vegetable,Loamy,May-June,20,30,95,MaturityГўВЂВ“VegetativeГўВЂВ“Seed fillingГўВЂВ“GerminationГўВЂВ“Pod formation,80,Twice a week,"Phosphate compost, Jeevamrut, Azolla","Beauveria bassiana, Neem oil spray","Seedling: 0-15, Vegetative: 16-35, Flowering: 36-55, Harvest: 56-90",6.2ГўВЂВ“7.1,Yes,Provide wide spacing;Avoid excess irrigation near maturity;Turn fruits to prevent ground rot;Control caterpillars early;Harvest when skin hardens
Peas,Vegetable,Black soil,Oct-Nov,24,38,99,GerminationГўВЂВ“TasselingГўВЂВ“MaturityГўВЂВ“VegetativeГўВЂВ“Cob formation,72,Twice a week,"Bio-compost, Mustard cake, Neem cake","Turmeric spray, Sticky traps","Seedling: 0-15, Vegetative: 16-35, Flowering: 36-55, Harvest: 56-90",5.0ГўВЂВ“5.8,Yes,Provide support to climbers;Avoid excess nitrogen;Maintain moderate moisture during flowering;Control aphids early;Harvest pods at tender stage
Bell Pepper,Vegetable,Sandy loam,Feb-Mar,21,32,66,MaturityГўВЂВ“TilleringГўВЂВ“ReproductiveГўВЂВ“GerminationГўВЂВ“Stem elongation,9,Weekly,"Bone meal, Phosphate compost, Jeevamrut","Beauveria bassiana, Neem oil spray","Seedling: 0-15, Vegetative: 16-35, Flowering: 36-55, Harvest: 56-90",5.8ГўВЂВ“7.0,Yes,Maintain uniform soil moisture;Provide light shade in heat;Avoid excess nitrogen;Control thrips and mites with neem;Harvest at proper color stage
Cucumber,Vegetable,Clay loam,June-July,17,29,72,Seed fillingГўВЂВ“GerminationГўВЂВ“Pod formationГўВЂВ“MaturityГўВЂВ“Vegetative,25,Every 2 days,"Phosphate compost, Jeevamrut, Azolla","Pheromone traps, Ginger-garlic extract","Seedling: 0-15, Vegetative: 16-35, Flowering: 36-55, Harvest: 56-90",5.8ГўВЂВ“7.0,Yes,Provide trellis support;Avoid irregular watering to prevent bitterness;Encourage pollinators;Harvest fruits frequently;Mulch soil to conserve moisture
Ginger,Vegetable,Sandy loam,May-June,16,27,71,GerminationГўВЂВ“Pod formationГўВЂВ“MaturityГўВЂВ“VegetativeГўВЂВ“Seed filling,38,Twice a week,"Phosphate compost, Jeevamrut, Azolla","Sticky traps, Turmeric spray","Seedling: 0-15, Vegetative: 16-35, Flowering: 36-55, Harvest: 56-90",5.1ГўВЂВ“6.2,Yes,"Select healthy, disease-free rhizomes for planting;Ensure well-drained loose soil to avoid rhizome rot;Apply organic mulch to conserve moisture and suppress weeds;Avoid water stagnation especially during early growth;Harvest when leaves start yellowing for good aroma"
Garlic,Vegetable,Loamy,Oct-Nov,20,30,65,VegetativeГўВЂВ“FloweringГўВЂВ“GerminationГўВЂВ“Bud formationГўВЂВ“Maturity,37,Every 3 days,"Fish amino acid, Green manure, Potash compost","Sticky traps, Turmeric spray","Seedling: 0-15, Vegetative: 16-35, Flowering: 36-55, Harvest: 56-90",5.9ГўВЂВ“6.9,Yes,"Use large, healthy cloves for uniform bulb development;Avoid excess irrigation to prevent bulb rot;Maintain loose soil for proper bulb expansion;Stop watering before harvest to improve storage quality;Cure bulbs properly in shade before storage"
Green Chilli,Vegetable,Red soil,May-June,18,31,93,Grain fillingГўВЂВ“GerminationГўВЂВ“Panicle initiationГўВЂВ“MaturityГўВЂВ“Vegetative,40,Every 3 days,"Bio-compost, Mustard cake, Neem cake","Wood ash treatment, Trichoderma","Seedling: 0-15, Vegetative: 16-35, Flowering: 36-55, Harvest: 56-90",5.7ГўВЂВ“6.6,Yes,Maintain consistent soil moisture during flowering;Avoid excess nitrogen to reduce flower drop;Control mites and thrips early using neem spray;Provide proper spacing for air circulation;Harvest regularly to encourage new fruiting
Coriander,Vegetable,Red soil,June-July,23,36,98,MaturityГўВЂВ“GerminationГўВЂВ“SeedlingГўВЂВ“VegetativeГўВЂВ“Flowering,23,Weekly,"Azolla, Cow dung compost, Vermicompost","Cow urine spray, Pseudomonas","Seedling: 0-15, Vegetative: 16-35, Flowering: 36-55, Harvest: 56-90",5.9ГўВЂВ“6.9,Yes,Avoid excess moisture to prevent damping-off disease;Harvest leaves before flowering for better aroma;Apply light organic manure for leafy growth;Provide partial shade during hot weather;Control aphids early using organic sprays
Curry Leaves,Vegetable,Clay loam,May-June,22,34,107,Cob formationГўВЂВ“GerminationГўВЂВ“TasselingГўВЂВ“MaturityГўВЂВ“Vegetative,26,Twice a week,"Bone meal, Phosphate compost, Jeevamrut","Soil solarization, Chili garlic spray","Seedling: 0-15, Vegetative: 16-35, Flowering: 36-55, Harvest: 56-90",6.2ГўВЂВ“7.1,Yes,Ensure good drainage to prevent root rot;Prune plants regularly to promote bushy growth;Apply organic manure after each harvest;Protect plants from frost and extreme cold;Harvest mature leaves carefully to maintain regrowth
Drumstick,Vegetable,Sandy loam,Oct-Nov,21,32,76,Grain fillingГўВЂВ“GerminationГўВЂВ“Panicle initiationГўВЂВ“MaturityГўВЂВ“Vegetative,31,Every 2 days,"Neem cake, Seaweed compost, Fish amino acid","Light traps, Neem seed kernel extract","Seedling: 0-15, Vegetative: 16-35, Flowering: 36-55, Harvest: 56-90",5.4ГўВЂВ“6.4,Yes,Plant in well-drained soil with full sunlight;Avoid excessive irrigation after establishment;Prune branches regularly to encourage leaf and pod production;Apply organic compost annually for sustained growth;Harvest pods while tender for best quality
Cluster Beans,Vegetable,Red soil,Oct-Nov,18,31,113,TasselingГўВЂВ“MaturityГўВЂВ“VegetativeГўВЂВ“Cob formationГўВЂВ“Germination,21,Every 3 days,"Azolla, Cow dung compost, Vermicompost","Wood ash treatment, Trichoderma","Seedling: 0-15, Vegetative: 16-35, Flowering: 36-55, Harvest: 56-90",6.3ГўВЂВ“7.5,Yes,Sow seeds in warm soil for quick germination;Avoid excess irrigation to prevent root diseases;Maintain proper spacing for pod development;Control sucking pests early using neem oil;Harvest pods at tender stage for better yield
Taro Root,Vegetable,Black soil,June-July,24,38,109,SeedlingГўВЂВ“VegetativeГўВЂВ“FloweringГўВЂВ“FruitingГўВЂВ“Maturity,97,Every 3 days,"Potash compost, Panchagavya, Pressmud compost","Pheromone traps, Ginger-garlic extract","Seedling: 0-15, Vegetative: 16-35, Flowering: 36-55, Harvest: 56-90",5.7ГўВЂВ“6.6,Yes,Plant corms in moist but well-drained soil;Maintain uniform moisture during tuber development;Avoid water stagnation to prevent corm rot;Apply organic mulch to reduce weed growth;Harvest when leaves dry and corms mature
Yam,Vegetable,Sandy loam,Feb-Mar,21,32,66,MaturityГўВЂВ“VegetativeГўВЂВ“Cob formationГўВЂВ“GerminationГўВЂВ“Tasseling,104,Weekly,"Seaweed compost, Fish amino acid, Green manure","Beauveria bassiana, Neem oil spray","Seedling: 0-15, Vegetative: 16-35, Flowering: 36-55, Harvest: 56-90",6.3ГўВЂВ“7.5,Yes,"Provide deep, loose soil for tuber expansion;Use staking or mounds to support vine growth;Avoid excess watering during tuber maturity;Control leaf-eating insects at early stage;Harvest after vines dry for better storage"
Sweet Potato,Vegetable,Black soil,June-July,19,33,84,ReproductiveГўВЂВ“GerminationГўВЂВ“Stem elongationГўВЂВ“MaturityГўВЂВ“Tillering,95,Every 2 days,"Fish amino acid, Green manure, Potash compost","Turmeric spray, Sticky traps","Seedling: 0-15, Vegetative: 16-35, Flowering: 36-55, Harvest: 56-90",5.3ГўВЂВ“6.5,Yes,Use healthy vine cuttings for planting;Maintain loose soil to allow tuber enlargement;Avoid excess nitrogen to reduce vine overgrowth;Irrigate lightly during early establishment;Harvest when leaves yellow and tubers reach size
Lotus Stem,Vegetable,Clay loam,Feb-Mar,22,34,67,ReproductiveГўВЂВ“GerminationГўВЂВ“Stem elongationГўВЂВ“MaturityГўВЂВ“Tillering,57,Twice a week,"Leaf compost, Farmyard manure, Rhizobium compost","Neem seed kernel extract, Light traps","Seedling: 0-15, Vegetative: 16-35, Flowering: 36-55, Harvest: 56-90",5.0ГўВЂВ“5.8,Yes,Grow in shallow water bodies with rich organic matter;Maintain stable water level during growth;Avoid disturbance of soil during rhizome development;Control aquatic pests using organic methods;Harvest carefully to avoid breaking stems
Ivy Gourd,Vegetable,Black soil,June-July,19,33,84,MaturityГўВЂВ“VegetativeГўВЂВ“FloweringГўВЂВ“GerminationГўВЂВ“Bud formation,49,Every 2 days,"Rhizobium compost, Groundnut cake, Bone meal","Trichoderma, Wood ash treatment","Seedling: 0-15, Vegetative: 16-35, Flowering: 36-55, Harvest: 56-90",5.7ГўВЂВ“6.6,Yes,Train vines on trellis for better fruit shape;Maintain moderate moisture to avoid fruit cracking;Prune excess shoots to improve airflow;Control fruit fly using organic traps;Harvest young fruits frequently for better yield
Indian Round Gourd,Vegetable,Loamy,Feb-Mar,15,25,90,FloweringГўВЂВ“GerminationГўВЂВ“Bud formationГўВЂВ“MaturityГўВЂВ“Vegetative,48,Weekly,"Vermicompost, Bio-compost, Mustard cake","Light traps, Neem seed kernel extract","Seedling: 0-15, Vegetative: 16-35, Flowering: 36-55, Harvest: 56-90",5.7ГўВЂВ“6.6,Yes,Sow seeds in warm soil for uniform emergence;Avoid water stress during flowering stage;Provide proper spacing for healthy vine growth;Control aphids early to prevent disease spread;Harvest fruits while tender for good quality
Pointed Gourd,Vegetable,Black soil,Feb-Mar,19,33,114,VegetativeГўВЂВ“Cob formationГўВЂВ“GerminationГўВЂВ“TasselingГўВЂВ“Maturity,76,Weekly,"Green manure, Potash compost, Panchagavya","Neem oil spray, Beauveria bassiana","Seedling: 0-15, Vegetative: 16-35, Flowering: 36-55, Harvest: 56-90",5.3ГўВЂВ“6.5,Yes,Use healthy vine cuttings for planting;Maintain balanced moisture throughout growth;Assist pollination if fruit set is low;Control fruit fly using bait traps;Harvest fruits at immature stage for tenderness
French Beans,Vegetable,Sandy loam,May-June,16,27,81,ReproductiveГўВЂВ“VegetativeГўВЂВ“SproutingГўВЂВ“Maturity,36,Every 3 days,"Groundnut cake, Bone meal, Phosphate compost","Pheromone traps, Ginger-garlic extract","Seedling: 0-15, Vegetative: 16-35, Flowering: 36-55, Harvest: 56-90",5.3ГўВЂВ“6.5,Yes,Sow in well-prepared soil with good drainage;Avoid excess nitrogen to promote pod formation;Provide support to climbing varieties;Maintain moderate moisture during flowering;Harvest pods before seeds harden
Green Papaya,Vegetable,Loamy,May-June,15,25,70,VegetativeГўВЂВ“SproutingГўВЂВ“MaturityГўВЂВ“Reproductive,42,Weekly,"Farmyard manure, Rhizobium compost, Groundnut cake","Neem seed kernel extract, Light traps","Seedling: 0-15, Vegetative: 16-35, Flowering: 36-55, Harvest: 56-90",5.1ГўВЂВ“6.2,Yes,Ensure proper drainage to avoid root diseases;Protect plants from strong winds;Control aphids early to prevent viral infections;Avoid excess irrigation during fruit development;Harvest fruits while green and firm
Jackfruit,Vegetable,Clay loam,June-July,17,29,62,GerminationГўВЂВ“Panicle initiationГўВЂВ“MaturityГўВЂВ“VegetativeГўВЂВ“Grain filling,50,Weekly,"Rhizobium compost, Groundnut cake, Bone meal","Pheromone traps, Ginger-garlic extract","Seedling: 0-15, Vegetative: 16-35, Flowering: 36-55, Harvest: 56-90",6.0ГўВЂВ“6.8,Yes,Maintain good soil fertility using organic compost;Prune overcrowded branches to improve airflow;Control stem borers using organic practices;Support developing fruits to prevent breakage;Harvest raw fruits before flesh hardens
Amaranth Leaves,Vegetable,Red soil,Feb-Mar,18,31,103,FloweringГўВЂВ“FruitingГўВЂВ“MaturityГўВЂВ“GerminationГўВЂВ“Seedling,0,Twice a week,"Green manure, Potash compost, Panchagavya","Ginger-garlic extract, Pheromone traps","Seedling: 0-15, Vegetative: 16-35, Flowering: 36-55, Harvest: 56-90",5.1ГўВЂВ“6.2,Yes,Harvest leaves frequently to promote continuous growth;Maintain uniform moisture without waterlogging;Apply liquid organic manure at short intervals;Provide partial shade during extreme heat;Remove diseased leaves promptly
Mustard Greens,Vegetable,Red soil,May-June,18,31,93,GerminationГўВЂВ“Bud formationГўВЂВ“MaturityГўВЂВ“VegetativeГўВЂВ“Flowering,64,Every 3 days,"Green manure, Potash compost, Panchagavya","Wood ash treatment, Trichoderma","Seedling: 0-15, Vegetative: 16-35, Flowering: 36-55, Harvest: 56-90",5.6ГўВЂВ“6.7,Yes,Sow seeds in well-drained fertile soil;Avoid excess irrigation to prevent root rot;Harvest leaves before flowering for better taste;Apply balanced organic manure for leaf growth;Control aphids early using neem oil
Lamb'S Quarters,Vegetable,Loamy,Feb-Mar,15,25,90,VegetativeГўВЂВ“FloweringГўВЂВ“GerminationГўВЂВ“Bud formationГўВЂВ“Maturity,55,Weekly,"Farmyard manure, Rhizobium compost, Groundnut cake","Cow urine spray, Pseudomonas","Seedling: 0-15, Vegetative: 16-35, Flowering: 36-55, Harvest: 56-90",5.2ГўВЂВ“6.1,Yes,Grow in loose fertile soil for healthy leaf growth;Maintain moderate moisture throughout growth;Harvest tender leaves regularly;Avoid overcrowding to reduce disease risk;Remove weeds early to reduce competition
Dill Leaves,Vegetable,Sandy loam,Feb-Mar,16,27,91,SproutingГўВЂВ“MaturityГўВЂВ“ReproductiveГўВЂВ“Vegetative,29,Twice a week,"Azolla, Cow dung compost, Vermicompost","Cow urine spray, Pseudomonas","Seedling: 0-15, Vegetative: 16-35, Flowering: 36-55, Harvest: 56-90",6.4ГўВЂВ“7.4,Yes,Sow seeds shallow for uniform germination;Maintain light but regular irrigation;Harvest leaves before flowering for strong aroma;Avoid water stagnation to prevent root diseases;Apply light organic manure for leafy growth
Spring Onion,Vegetable,Black soil,Feb-Mar,24,38,79,Cob formationГўВЂВ“GerminationГўВЂВ“TasselingГўВЂВ“MaturityГўВЂВ“Vegetative,91,Twice a week,"Bone meal, Phosphate compost, Jeevamrut","Light traps, Neem seed kernel extract","Seedling: 0-15, Vegetative: 16-35, Flowering: 36-55, Harvest: 56-90",5.9ГўВЂВ“6.9,Yes,Ensure loose soil for straight bulb formation;Maintain consistent moisture during growth;Harvest leaves gradually to promote regrowth;Avoid excess nitrogen to prevent weak bulbs;Control thrips early using neem spray
Elephant Foot Yam,Vegetable,Black soil,May-June,24,38,119,Panicle initiationГўВЂВ“MaturityГўВЂВ“VegetativeГўВЂВ“Grain fillingГўВЂВ“Germination,33,Twice a week,"Leaf compost, Farmyard manure, Rhizobium compost","Pseudomonas, Cow urine spray","Seedling: 0-15, Vegetative: 16-35, Flowering: 36-55, Harvest: 56-90",5.5ГўВЂВ“6.3,Yes,Plant healthy corm pieces in raised beds;Ensure good drainage to prevent corm rot;Apply heavy organic manure before planting;Maintain moisture during early growth;Harvest only after leaves dry completely
Kohlrabi,Vegetable,Red soil,June-July,23,36,108,FruitingГўВЂВ“MaturityГўВЂВ“GerminationГўВЂВ“SeedlingГўВЂВ“Vegetative,53,Every 2 days,"Pressmud compost, Leaf compost, Farmyard manure","Trichoderma, Wood ash treatment","Seedling: 0-15, Vegetative: 16-35, Flowering: 36-55, Harvest: 56-90",5.0ГўВЂВ“5.8,Yes,Maintain uniform soil moisture to prevent woody bulbs;Avoid excess nitrogen after bulb initiation;Harvest bulbs while tender and young;Provide proper spacing for bulb enlargement;Control aphids early using organic sprays
Lablab Beans,Vegetable,Black soil,Oct-Nov,24,38,99,Pod formationГўВЂВ“MaturityГўВЂВ“VegetativeГўВЂВ“Seed fillingГўВЂВ“Germination,54,Twice a week,"Neem cake, Seaweed compost, Fish amino acid","Sticky traps, Turmeric spray","Seedling: 0-15, Vegetative: 16-35, Flowering: 36-55, Harvest: 56-90",5.6ГўВЂВ“6.7,Yes,Provide strong trellis support for climbing vines;Avoid water stress during flowering;Maintain balanced nutrition for pod formation;Control pod borers early using neem formulations;Harvest pods at tender stage regularly
Chayote,Vegetable,Black soil,Oct-Nov,24,38,89,Cob formationГўВЂВ“GerminationГўВЂВ“TasselingГўВЂВ“MaturityГўВЂВ“Vegetative,18,Every 3 days,"Mustard cake, Neem cake, Seaweed compost","Trichoderma, Wood ash treatment","Seedling: 0-15, Vegetative: 16-35, Flowering: 36-55, Harvest: 56-90",5.7ГўВЂВ“6.6,Yes,Plant whole fruits in well-drained soil;Provide trellis for vine spread;Maintain moderate moisture during growth;Avoid excess nitrogen to control vine overgrowth;Harvest fruits while soft and green
Mushroom,Vegetable,Sandy loam,June-July,21,32,96,GerminationГўВЂВ“TasselingГўВЂВ“MaturityГўВЂВ“VegetativeГўВЂВ“Cob formation,62,Every 2 days,"Vermicompost, Bio-compost, Mustard cake","Soil solarization, Chili garlic spray","Seedling: 0-15, Vegetative: 16-35, Flowering: 36-55, Harvest: 56-90",5.5ГўВЂВ“6.3,Yes,Use clean and well-pasteurized growing medium;Maintain high humidity without waterlogging;Ensure proper ventilation to avoid fungal diseases;Avoid direct sunlight on growing beds;Harvest mushrooms before caps fully open
Corn,Vegetable,Loamy,Feb-Mar,15,25,90,MaturityГўВЂВ“VegetativeГўВЂВ“Grain fillingГўВЂВ“GerminationГўВЂВ“Panicle initiation,24,Weekly,"Vermicompost, Bio-compost, Mustard cake","Beauveria bassiana, Neem oil spray","Seedling: 0-15, Vegetative: 16-35, Flowering: 36-55, Harvest: 56-90",5.1ГўВЂВ“6.2,Yes,Sow seeds at proper depth for strong anchorage;Avoid moisture stress during tasseling stage;Ensure good pollination by planting in blocks;Apply organic manure at early growth stage;Harvest cobs at milk stage for fresh consumption
Turnip,Vegetable,Black soil,Oct-Nov,24,38,89,VegetativeГўВЂВ“Grain fillingГўВЂВ“GerminationГўВЂВ“Panicle initiationГўВЂВ“Maturity,99,Every 3 days,"Cow dung compost, Vermicompost, Bio-compost","Soil solarization, Chili garlic spray","Seedling: 0-15, Vegetative: 16-35, Flowering: 36-55, Harvest: 56-90",6.0ГўВЂВ“6.8,Yes,Prepare loose soil to avoid misshapen roots;Maintain even moisture to reduce bitterness;Harvest roots early before they turn woody;Thin seedlings to ensure proper root size;Control flea beetles using organic methods
Beetroot,Vegetable,Clay loam,Feb-Mar,17,29,92,VegetativeГўВЂВ“Cob formationГўВЂВ“GerminationГўВЂВ“TasselingГўВЂВ“Maturity,8,Every 2 days,"Fish amino acid, Green manure, Potash compost","Light traps, Neem seed kernel extract","Seedling: 0-15, Vegetative: 16-35, Flowering: 36-55, Harvest: 56-90",6.1ГўВЂВ“7.2,Yes,Maintain consistent moisture for uniform root color;Avoid excess nitrogen to prevent leafy growth;Thin plants early for proper bulb size;Harvest when roots are tender and well-colored;Remove weeds to reduce competition
Mango,Fruit,Black soil,June-July,19,33,84,GerminationГўВЂВ“SeedlingГўВЂВ“VegetativeГўВЂВ“FloweringГўВЂВ“Fruiting,60,Every 2 days,"Neem cake, Seaweed compost, Fish amino acid","Trichoderma, Wood ash treatment","Bud Formation: 0-30, Fruit Development: 31-120, Harvest: 121-150",5.2ГўВЂВ“6.1,Yes,Avoid excessive irrigation during flowering stage;Apply organic mulch to conserve soil moisture;Prune dead branches after harvest;Control fruit fly using trap-based organic methods;Harvest fruits at physiological maturity
Banana,Fruit,Sandy loam,June-July,21,32,96,Seed fillingГўВЂВ“GerminationГўВЂВ“Pod formationГўВЂВ“MaturityГўВЂВ“Vegetative,6,Every 2 days,"Cow dung compost, Vermicompost, Bio-compost","Cow urine spray, Pseudomonas","Bud Formation: 0-30, Fruit Development: 31-120, Harvest: 121-150",5.7ГўВЂВ“6.6,Yes,Provide windbreaks to protect plants from lodging;Maintain uniform soil moisture throughout growth;Remove excess suckers to focus nutrients;Apply organic mulch around plant base;Harvest bunches when fingers are full-sized
Orange,Fruit,Clay loam,Oct-Nov,22,34,77,MaturityГўВЂВ“GerminationГўВЂВ“SeedlingГўВЂВ“VegetativeГўВЂВ“Flowering,67,Every 3 days,"Potash compost, Panchagavya, Pressmud compost","Ginger-garlic extract, Pheromone traps","Bud Formation: 0-30, Fruit Development: 31-120, Harvest: 121-150",6.3ГўВЂВ“7.5,Yes,Ensure well-drained soil to prevent root diseases;Avoid excess irrigation during fruit maturation;Apply organic manure in split doses;Control citrus psylla using organic sprays;Harvest fruits when fully colored
Guava,Fruit,Loamy,Feb-Mar,20,30,115,TasselingГўВЂВ“MaturityГўВЂВ“VegetativeГўВЂВ“Cob formationГўВЂВ“Germination,43,Twice a week,"Panchagavya, Pressmud compost, Leaf compost","Pseudomonas, Cow urine spray","Bud Formation: 0-30, Fruit Development: 31-120, Harvest: 121-150",6.4ГўВЂВ“7.4,Yes,Prune after harvest to encourage new flush;Avoid water stress during flowering;Apply organic compost annually;Control fruit fly using bait traps;Harvest fruits at correct maturity for sweetness
Papaya,Fruit,Red soil,June-July,18,31,73,Seed fillingГўВЂВ“GerminationГўВЂВ“Pod formationГўВЂВ“MaturityГўВЂВ“Vegetative,68,Every 3 days,"Groundnut cake, Bone meal, Phosphate compost","Trichoderma, Wood ash treatment","Bud Formation: 0-30, Fruit Development: 31-120, Harvest: 121-150",5.7ГўВЂВ“6.6,Yes,Ensure good drainage to avoid root rot;Protect plants from strong winds;Remove excess male plants after flowering;Control aphids early to prevent viral diseases;Harvest fruits when skin starts yellowing
Grapes,Fruit,Sandy loam,Oct-Nov,21,32,76,Cob formationГўВЂВ“GerminationГўВЂВ“TasselingГўВЂВ“MaturityГўВЂВ“Vegetative,39,Every 2 days,"Seaweed compost, Fish amino acid, Green manure","Pheromone traps, Ginger-garlic extract","Bud Formation: 0-30, Fruit Development: 31-120, Harvest: 121-150",6.2ГўВЂВ“7.1,Yes,Prune vines during dormant season properly;Avoid excess irrigation during ripening stage;Maintain good canopy management for sunlight penetration;Control mealybugs using organic methods;Harvest bunches at proper sugar level
Pineapple,Fruit,Sandy loam,June-July,16,27,61,VegetativeГўВЂВ“FloweringГўВЂВ“FruitingГўВЂВ“MaturityГўВЂВ“Germination,74,Every 3 days,"Leaf compost, Farmyard manure, Rhizobium compost","Soil solarization, Chili garlic spray","Bud Formation: 0-30, Fruit Development: 31-120, Harvest: 121-150",5.1ГўВЂВ“6.2,Yes,Plant in well-drained sandy loam soil;Avoid water stagnation around root zone;Apply organic mulch to conserve moisture;Induce flowering uniformly if required;Harvest fruits when eyes turn yellow
Pomegranate,Fruit,Loamy,Feb-Mar,15,25,80,VegetativeГўВЂВ“FloweringГўВЂВ“FruitingГўВЂВ“MaturityГўВЂВ“Germination,77,Every 2 days,"Vermicompost, Bio-compost, Mustard cake","Turmeric spray, Sticky traps","Bud Formation: 0-30, Fruit Development: 31-120, Harvest: 121-150",5.1ГўВЂВ“6.2,Yes,Avoid excess irrigation during flowering;Prune lightly to maintain canopy shape;Control fruit borer using organic sprays;Apply organic manure before flowering;Harvest fruits when rind color deepens
Watermelon,Fruit,Loamy,Oct-Nov,20,30,65,GerminationГўВЂВ“Bud formationГўВЂВ“MaturityГўВЂВ“VegetativeГўВЂВ“Flowering,101,Every 3 days,"Jeevamrut, Azolla, Cow dung compost","Pheromone traps, Ginger-garlic extract","Bud Formation: 0-30, Fruit Development: 31-120, Harvest: 121-150",5.1ГўВЂВ“6.2,Yes,Provide wide spacing for vine growth;Maintain even moisture during fruit enlargement;Avoid excess nitrogen after flowering;Turn fruits to prevent ground rot;Harvest when tendril near fruit dries
Muskmelon,Fruit,Black soil,May-June,19,33,94,SproutingГўВЂВ“MaturityГўВЂВ“ReproductiveГўВЂВ“Vegetative,63,Weekly,"Jeevamrut, Azolla, Cow dung compost","Cow urine spray, Pseudomonas","Bud Formation: 0-30, Fruit Development: 31-120, Harvest: 121-150",5.4ГўВЂВ“6.4,Yes,"Ensure sandy, well-drained soil for good sweetness;Avoid irregular irrigation to prevent fruit cracking;Control fruit fly early using organic traps;Harvest fruits at full slip stage;Avoid excess nitrogen during fruit maturity"
Coconut,Fruit,Loamy,Feb-Mar,20,30,115,ReproductiveГўВЂВ“VegetativeГўВЂВ“SproutingГўВЂВ“Maturity,22,Twice a week,"Bone meal, Phosphate compost, Jeevamrut","Turmeric spray, Sticky traps","Bud Formation: 0-30, Fruit Development: 31-120, Harvest: 121-150",5.1ГўВЂВ“6.2,Yes,Ensure well-drained sandy loam soil around root zone;Apply organic mulch to conserve moisture and improve soil health;Avoid water stagnation near the collar region;Apply organic manure in split doses annually;Harvest nuts at correct maturity based on use
Sweet Lime,Fruit,Loamy,Feb-Mar,15,25,90,MaturityГўВЂВ“GerminationГўВЂВ“SeedlingГўВЂВ“VegetativeГўВЂВ“Flowering,94,Weekly,"Azolla, Cow dung compost, Vermicompost","Soil solarization, Chili garlic spray","Bud Formation: 0-30, Fruit Development: 31-120, Harvest: 121-150",5.2ГўВЂВ“6.1,Yes,Maintain proper drainage to prevent root rot;Apply organic manure before flowering season;Avoid excess irrigation during fruit maturity;Control citrus leaf miner organically;Harvest fruits when juice content is optimum
Apple,Fruit,Black soil,Feb-Mar,24,38,79,VegetativeГўВЂВ“Cob formationГўВЂВ“GerminationГўВЂВ“TasselingГўВЂВ“Maturity,1,Twice a week,"Azolla, Cow dung compost, Vermicompost","Sticky traps, Turmeric spray","Bud Formation: 0-30, Fruit Development: 31-120, Harvest: 121-150",5.4ГўВЂВ“6.4,Yes,Provide adequate chilling hours for uniform flowering;Prune trees annually to maintain canopy shape;Apply organic mulch to regulate soil temperature;Control codling moth using pheromone traps;Harvest fruits at correct firmness
Pear,Fruit,Loamy,Oct-Nov,20,30,65,Grain fillingГўВЂВ“GerminationГўВЂВ“Panicle initiationГўВЂВ“MaturityГўВЂВ“Vegetative,71,Every 3 days,"Pressmud compost, Leaf compost, Farmyard manure","Sticky traps, Turmeric spray","Bud Formation: 0-30, Fruit Development: 31-120, Harvest: 121-150",5.1ГўВЂВ“6.2,Yes,Ensure proper spacing for good air circulation;Prune weak branches to improve fruit quality;Avoid excess nitrogen during fruit set;Control pests using organic sprays;Harvest fruits before full ripening for storage
Plum,Fruit,Red soil,June-July,23,36,108,FloweringГўВЂВ“GerminationГўВЂВ“Bud formationГўВЂВ“MaturityГўВЂВ“Vegetative,75,Every 2 days,"Fish amino acid, Green manure, Potash compost","Chili garlic spray, Soil solarization","Bud Formation: 0-30, Fruit Development: 31-120, Harvest: 121-150",5.6ГўВЂВ“6.7,Yes,Maintain well-drained soil to avoid root diseases;Prune after harvest to encourage new shoots;Avoid water stress during fruit development;Apply organic compost annually;Harvest fruits when fully colored
Apricot,Fruit,Loamy,Oct-Nov,20,30,75,FloweringГўВЂВ“GerminationГўВЂВ“Bud formationГўВЂВ“MaturityГўВЂВ“Vegetative,2,Twice a week,"Cow dung compost, Vermicompost, Bio-compost","Beauveria bassiana, Neem oil spray","Bud Formation: 0-30, Fruit Development: 31-120, Harvest: 121-150",5.0ГўВЂВ“5.8,Yes,Plant in areas with good sunlight exposure;Prune lightly to maintain tree structure;Avoid waterlogging during early growth;Control aphids using organic methods;Harvest fruits at full maturity
Peach,Fruit,Black soil,May-June,24,38,69,VegetativeГўВЂВ“Grain fillingГўВЂВ“GerminationГўВЂВ“Panicle initiationГўВЂВ“Maturity,70,Every 3 days,"Groundnut cake, Bone meal, Phosphate compost","Cow urine spray, Pseudomonas","Bud Formation: 0-30, Fruit Development: 31-120, Harvest: 121-150",6.4ГўВЂВ“7.4,Yes,Thin excess fruits early to improve fruit size;Prune annually to encourage new fruiting wood;Avoid excess irrigation near harvest;Apply organic mulch to conserve moisture;Harvest fruits when skin color changes
Cherry,Fruit,Clay loam,June-July,17,29,62,MaturityГўВЂВ“VegetativeГўВЂВ“Seed fillingГўВЂВ“GerminationГўВЂВ“Pod formation,19,Weekly,"Pressmud compost, Leaf compost, Farmyard manure","Sticky traps, Turmeric spray","Bud Formation: 0-30, Fruit Development: 31-120, Harvest: 121-150",5.1ГўВЂВ“6.2,Yes,Ensure good drainage to prevent root rot;Protect flowers from frost damage;Prune lightly to improve airflow;Control birds using non-harmful methods;Harvest fruits when fully ripe
Strawberry,Fruit,Loamy,June-July,15,25,110,VegetativeГўВЂВ“Grain fillingГўВЂВ“GerminationГўВЂВ“Panicle initiationГўВЂВ“Maturity,93,Weekly,"Leaf compost, Farmyard manure, Rhizobium compost","Trichoderma, Wood ash treatment","Bud Formation: 0-30, Fruit Development: 31-120, Harvest: 121-150",5.6ГўВЂВ“6.7,Yes,Use raised beds to improve drainage;Apply organic mulch to protect fruits from soil;Maintain consistent moisture during fruiting;Remove runners to focus energy on fruits;Harvest berries when fully red
Lychee,Fruit,Clay loam,June-July,17,29,72,SproutingГўВЂВ“MaturityГўВЂВ“ReproductiveГўВЂВ“Vegetative,58,Every 2 days,"Farmyard manure, Rhizobium compost, Groundnut cake","Neem oil spray, Beauveria bassiana","Bud Formation: 0-30, Fruit Development: 31-120, Harvest: 121-150",5.2ГўВЂВ“6.1,Yes,Maintain high humidity during flowering stage;Avoid water stress during fruit development;Apply organic manure after harvest;Control fruit cracking by uniform irrigation;Harvest fruits when skin turns bright red
Sapota,Fruit,Clay loam,Oct-Nov,22,34,87,VegetativeГўВЂВ“Cob formationГўВЂВ“GerminationГўВЂВ“TasselingГўВЂВ“Maturity,86,Twice a week,"Bone meal, Phosphate compost, Jeevamrut","Pseudomonas, Cow urine spray","Bud Formation: 0-30, Fruit Development: 31-120, Harvest: 121-150",6.2ГўВЂВ“7.1,Yes,Avoid excess irrigation during flowering;Apply organic compost before monsoon;Prune lightly to remove dead branches;Control pests using neem-based sprays;Harvest fruits when they soften slightly
Custard Apple,Fruit,Black soil,June-July,24,38,109,GerminationГўВЂВ“Stem elongationГўВЂВ“MaturityГўВЂВ“TilleringГўВЂВ“Reproductive,27,Every 3 days,"Green manure, Potash compost, Panchagavya","Wood ash treatment, Trichoderma","Bud Formation: 0-30, Fruit Development: 31-120, Harvest: 121-150",5.1ГўВЂВ“6.2,Yes,Prune trees after harvest to promote new growth;Avoid waterlogging during rainy season;Apply organic manure before flowering;Assist pollination if fruit set is low;Harvest fruits at physiological maturity
Black Plum,Fruit,Red soil,Oct-Nov,18,31,63,MaturityГўВЂВ“VegetativeГўВЂВ“Cob formationГўВЂВ“GerminationГўВЂВ“Tasseling,12,Twice a week,"Potash compost, Panchagavya, Pressmud compost","Neem seed kernel extract, Light traps","Bud Formation: 0-30, Fruit Development: 31-120, Harvest: 121-150",6.3ГўВЂВ“7.5,Yes,"Ensure deep, well-drained soil for root growth;Apply organic manure annually;Avoid excess irrigation during fruit maturity;Protect fruits from bird damage;Harvest fruits when fully dark colored"
Indian Gooseberry,Fruit,Sandy loam,May-June,16,27,71,MaturityГўВЂВ“VegetativeГўВЂВ“Seed fillingГўВЂВ“GerminationГўВЂВ“Pod formation,45,Twice a week,"Leaf compost, Farmyard manure, Rhizobium compost","Beauveria bassiana, Neem oil spray","Bud Formation: 0-30, Fruit Development: 31-120, Harvest: 121-150",5.7ГўВЂВ“6.6,Yes,Prune branches lightly to maintain canopy shape;Apply organic manure before flowering;Avoid water stress during fruit development;Control leaf-eating pests organically;Harvest fruits when fully developed
Tamarind,Fruit,Loamy,Feb-Mar,15,25,80,Cob formationГўВЂВ“GerminationГўВЂВ“TasselingГўВЂВ“MaturityГўВЂВ“Vegetative,96,Every 2 days,"Jeevamrut, Azolla, Cow dung compost","Turmeric spray, Sticky traps","Bud Formation: 0-30, Fruit Development: 31-120, Harvest: 121-150",5.2ГўВЂВ“6.1,Yes,Plant in well-drained soil with full sunlight;Avoid excess irrigation once established;Prune dead branches to improve airflow;Apply organic manure annually;Harvest pods when fully mature
Dates,Fruit,Black soil,Oct-Nov,24,38,89,MaturityГўВЂВ“GerminationГўВЂВ“SeedlingГўВЂВ“VegetativeГўВЂВ“Flowering,28,Every 3 days,"Panchagavya, Pressmud compost, Leaf compost","Ginger-garlic extract, Pheromone traps","Bud Formation: 0-30, Fruit Development: 31-120, Harvest: 121-150",6.0ГўВЂВ“6.8,Yes,Ensure hot and dry climate conditions;Provide good drainage to avoid root diseases;Hand-pollinate flowers for better fruit set;Apply organic manure during growth stage;Harvest bunches when fruits soften
Fig,Fruit,Clay loam,June-July,17,29,62,FruitingГўВЂВ“MaturityГўВЂВ“GerminationГўВЂВ“SeedlingГўВЂВ“Vegetative,35,Weekly,"Potash compost, Panchagavya, Pressmud compost","Cow urine spray, Pseudomonas","Bud Formation: 0-30, Fruit Development: 31-120, Harvest: 121-150",5.9ГўВЂВ“6.9,Yes,Maintain well-drained soil to prevent root rot;Avoid excess irrigation during fruit ripening;Prune lightly to control tree size;Apply organic compost annually;Harvest fruits when soft and colored
Indian Jujube,Fruit,Loamy,June-July,15,25,110,ReproductiveГўВЂВ“GerminationГўВЂВ“Stem elongationГўВЂВ“MaturityГўВЂВ“Tillering,47,Weekly,"Green manure, Potash compost, Panchagavya","Trichoderma, Wood ash treatment","Bud Formation: 0-30, Fruit Development: 31-120, Harvest: 121-150",5.3ГўВЂВ“6.5,Yes,Plant in arid regions with good sunlight;Avoid excessive irrigation during flowering;Prune after harvest to maintain shape;Apply organic manure yearly;Harvest fruits when skin turns glossy
Bullock'S Heart,Fruit,Sandy loam,Oct-Nov,21,32,76,MaturityГўВЂВ“ReproductiveГўВЂВ“VegetativeГўВЂВ“Sprouting,14,Every 2 days,"Potash compost, Panchagavya, Pressmud compost","Chili garlic spray, Soil solarization","Bud Formation: 0-30, Fruit Development: 31-120, Harvest: 121-150",5.7ГўВЂВ“6.6,Yes,"Ensure loose, fertile soil for root development;Avoid water stagnation around roots;Apply organic compost before flowering;Control pests using neem-based sprays;Harvest fruits when they soften"
Wood Apple,Fruit,Clay loam,Oct-Nov,22,34,77,Bud formationГўВЂВ“MaturityГўВЂВ“VegetativeГўВЂВ“FloweringГўВЂВ“Germination,103,Every 3 days,"Panchagavya, Pressmud compost, Leaf compost","Neem oil spray, Beauveria bassiana","Bud Formation: 0-30, Fruit Development: 31-120, Harvest: 121-150",5.4ГўВЂВ“6.4,Yes,Grow in well-drained soil with full sunlight;Avoid excess irrigation once trees establish;Apply organic manure annually;Prune dead branches to improve canopy health;Harvest fruits when shell becomes hard
Star Fruit,Fruit,Black soil,Feb-Mar,24,38,79,Panicle initiationГўВЂВ“MaturityГўВЂВ“VegetativeГўВЂВ“Grain fillingГўВЂВ“Germination,92,Twice a week,"Leaf compost, Farmyard manure, Rhizobium compost","Neem seed kernel extract, Light traps","Bud Formation: 0-30, Fruit Development: 31-120, Harvest: 121-150",5.4ГўВЂВ“6.4,Yes,Ensure well-drained soil with good organic matter;Maintain uniform moisture during flowering;Prune lightly to improve canopy aeration;Control fruit fly using organic traps;Harvest fruits when ribs turn yellow
Passion Fruit,Fruit,Sandy loam,June-July,21,32,86,VegetativeГўВЂВ“Cob formationГўВЂВ“GerminationГўВЂВ“TasselingГўВЂВ“Maturity,69,Weekly,"Pressmud compost, Leaf compost, Farmyard manure","Turmeric spray, Sticky traps","Bud Formation: 0-30, Fruit Development: 31-120, Harvest: 121-150",6.3ГўВЂВ“7.5,Yes,Provide strong trellis support for vines;Maintain consistent moisture during flowering and fruit set;Avoid waterlogging to prevent root rot;Hand-pollinate if natural pollination is low;Harvest fruits when they drop naturally
Rambutan,Fruit,Black soil,Feb-Mar,19,33,114,MaturityГўВЂВ“TilleringГўВЂВ“ReproductiveГўВЂВ“GerminationГўВЂВ“Stem elongation,83,Weekly,"Azolla, Cow dung compost, Vermicompost","Neem oil spray, Beauveria bassiana","Bud Formation: 0-30, Fruit Development: 31-120, Harvest: 121-150",5.0ГўВЂВ“5.8,Yes,Maintain high humidity during flowering stage;Apply organic mulch to conserve soil moisture;Avoid water stress during fruit development;Prune lightly to manage canopy size;Harvest fruits when skin turns bright red
Kiwi,Fruit,Sandy loam,June-July,21,32,86,Cob formationГўВЂВ“GerminationГўВЂВ“TasselingГўВЂВ“MaturityГўВЂВ“Vegetative,52,Weekly,"Farmyard manure, Rhizobium compost, Groundnut cake","Chili garlic spray, Soil solarization","Bud Formation: 0-30, Fruit Development: 31-120, Harvest: 121-150",5.0ГўВЂВ“5.8,Yes,Ensure proper chilling hours for bud break;Provide strong trellis for vine training;Maintain uniform soil moisture throughout growth;Prune annually to manage fruiting wood;Harvest fruits at physiological maturity
Dragon Fruit,Fruit,Red soil,Feb-Mar,23,36,68,Stem elongationГўВЂВ“MaturityГўВЂВ“TilleringГўВЂВ“ReproductiveГўВЂВ“Germination,30,Every 2 days,"Potash compost, Panchagavya, Pressmud compost","Wood ash treatment, Trichoderma","Bud Formation: 0-30, Fruit Development: 31-120, Harvest: 121-150",5.1ГўВЂВ“6.2,Yes,Provide concrete or wooden support posts for climbing;Avoid excess irrigation to prevent stem rot;Apply organic compost around base annually;Control mealybugs using organic methods;Harvest fruits when skin color changes uniformly
Pomelo,Fruit,Loamy,June-July,20,30,85,Pod formationГўВЂВ“MaturityГўВЂВ“VegetativeГўВЂВ“Seed fillingГўВЂВ“Germination,78,Every 3 days,"Seaweed compost, Fish amino acid, Green manure","Light traps, Neem seed kernel extract","Bud Formation: 0-30, Fruit Development: 31-120, Harvest: 121-150",5.1ГўВЂВ“6.2,Yes,"Ensure deep, well-drained soil for root development;Avoid excess irrigation during fruit maturity;Apply organic manure in split doses;Control citrus pests using neem-based sprays;Harvest fruits when rind color turns pale yellow"
Mulberries,Fruit,Loamy,Oct-Nov,20,30,75,VegetativeГўВЂВ“FloweringГўВЂВ“GerminationГўВЂВ“Bud formationГўВЂВ“Maturity,61,Twice a week,"Potash compost, Panchagavya, Pressmud compost","Cow urine spray, Pseudomonas","Bud Formation: 0-30, Fruit Development: 31-120, Harvest: 121-150",5.4ГўВЂВ“6.4,Yes,Prune plants regularly to encourage new leaf growth;Maintain moderate soil moisture for continuous production;Apply organic manure after each harvest;Control leaf-eating pests organically;Harvest leaves or fruits at tender stage
Water Chestnut,Fruit,Black soil,June-July,19,33,74,GerminationГўВЂВ“TasselingГўВЂВ“MaturityГўВЂВ“VegetativeГўВЂВ“Cob formation,100,Weekly,"Neem cake, Seaweed compost, Fish amino acid","Neem oil spray, Beauveria bassiana","Bud Formation: 0-30, Fruit Development: 31-120, Harvest: 121-150",5.7ГўВЂВ“6.6,Yes,Grow in shallow water bodies with nutrient-rich mud;Maintain stable water level throughout growth;Avoid disturbance of soil during tuber development;Control aquatic weeds regularly;Harvest when nuts are fully mature
Indian Hog Plum,Fruit,Loamy,May-June,20,30,105,VegetativeГўВЂВ“Seed fillingГўВЂВ“GerminationГўВЂВ“Pod formationГўВЂВ“Maturity,46,Every 3 days,"Green manure, Potash compost, Panchagavya","Beauveria bassiana, Neem oil spray","Bud Formation: 0-30, Fruit Development: 31-120, Harvest: 121-150",5.1ГўВЂВ“6.2,Yes,Plant in well-drained fertile soil;Avoid excess irrigation during fruit maturity;Apply organic manure annually;Prune dead branches to improve airflow;Harvest fruits when they reach full size
Bael Fruit,Fruit,Black soil,Feb-Mar,24,38,79,TilleringГўВЂВ“ReproductiveГўВЂВ“GerminationГўВЂВ“Stem elongationГўВЂВ“Maturity,4,Twice a week,"Bio-compost, Mustard cake, Neem cake","Light traps, Neem seed kernel extract","Bud Formation: 0-30, Fruit Development: 31-120, Harvest: 121-150",6.2ГўВЂВ“7.1,Yes,Grow in dry regions with full sunlight;Avoid excessive irrigation once trees establish;Apply organic manure yearly for sustained growth;Prune lightly to maintain tree shape;Harvest fruits when shell turns hard
Wheat,Cereal/Pulse,Red soil,June-July,23,36,98,GerminationГўВЂВ“SeedlingГўВЂВ“VegetativeГўВЂВ“FloweringГўВЂВ“Fruiting,102,Weekly,"Groundnut cake, Bone meal, Phosphate compost","Sticky traps, Turmeric spray","Germination: 0-20, Tillering: 21-60, Maturity: 61-100, Harvest: 101-120",5.0ГўВЂВ“5.8,Yes,Prepare fine seedbed for uniform germination;Avoid excess irrigation during grain filling stage;Apply organic manure before sowing;Monitor rust diseases regularly;Harvest when grains harden completely
Rice,Cereal/Pulse,Loamy,Feb-Mar,15,25,80,GerminationГўВЂВ“Pod formationГўВЂВ“MaturityГўВЂВ“VegetativeГўВЂВ“Seed filling,84,Every 2 days,"Fish amino acid, Green manure, Potash compost","Cow urine spray, Pseudomonas","Germination: 0-20, Tillering: 21-60, Maturity: 61-100, Harvest: 101-120",5.2ГўВЂВ“6.1,Yes,Maintain shallow water level during early growth;Avoid excess nitrogen to reduce lodging;Use organic methods for pest monitoring;Drain field before harvest for uniform ripening;Harvest when grains are firm and golden
Maize,Cereal/Pulse,Loamy,Feb-Mar,20,30,115,Pod formationГўВЂВ“MaturityГўВЂВ“VegetativeГўВЂВ“Seed fillingГўВЂВ“Germination,59,Twice a week,"Leaf compost, Farmyard manure, Rhizobium compost","Pheromone traps, Ginger-garlic extract","Germination: 0-20, Tillering: 21-60, Maturity: 61-100, Harvest: 101-120",5.1ГўВЂВ“6.2,Yes,Plant in blocks to ensure effective pollination;Avoid moisture stress during tasseling stage;Apply organic manure at early growth stage;Control stem borers using organic sprays;Harvest cobs when grains are hard
Barley,Cereal/Pulse,Black soil,Feb-Mar,24,38,79,MaturityГўВЂВ“VegetativeГўВЂВ“Grain fillingГўВЂВ“GerminationГўВЂВ“Panicle initiation,7,Twice a week,"Neem cake, Seaweed compost, Fish amino acid","Neem oil spray, Beauveria bassiana","Germination: 0-20, Tillering: 21-60, Maturity: 61-100, Harvest: 101-120",5.9ГўВЂВ“6.9,Yes,Ensure proper spacing to reduce disease pressure;Avoid excess irrigation during grain maturity;Apply organic manure before sowing;Control shoot fly early;Harvest when grains are fully mature
Sorghum,Cereal/Pulse,Red soil,June-July,23,36,98,GerminationГўВЂВ“Stem elongationГўВЂВ“MaturityГўВЂВ“TilleringГўВЂВ“Reproductive,88,Weekly,"Fish amino acid, Green manure, Potash compost","Chili garlic spray, Soil solarization","Germination: 0-20, Tillering: 21-60, Maturity: 61-100, Harvest: 101-120",6.4ГўВЂВ“7.4,Yes,Ensure proper spacing to reduce disease pressure;Avoid excess irrigation during grain maturity;Apply organic manure before sowing;Control shoot fly early;Harvest when grains are fully mature
Bajra,Cereal/Pulse,Clay loam,June-July,17,29,62,Grain fillingГўВЂВ“GerminationГўВЂВ“Panicle initiationГўВЂВ“MaturityГўВЂВ“Vegetative,5,Weekly,"Green manure, Potash compost, Panchagavya","Turmeric spray, Sticky traps","Germination: 0-20, Tillering: 21-60, Maturity: 61-100, Harvest: 101-120",5.0ГўВЂВ“5.8,Yes,Sow seeds in well-drained soil with full sunlight;Avoid waterlogging during early growth;Apply organic manure for steady growth;Control aphids using organic sprays;Harvest when ear heads dry
Ragi,Cereal/Pulse,Sandy loam,May-June,16,27,71,ReproductiveГўВЂВ“GerminationГўВЂВ“Stem elongationГўВЂВ“MaturityГўВЂВ“Tillering,82,Twice a week,"Jeevamrut, Azolla, Cow dung compost","Sticky traps, Turmeric spray","Germination: 0-20, Tillering: 21-60, Maturity: 61-100, Harvest: 101-120",5.8ГўВЂВ“7.0,Yes,Prepare fine seedbed for uniform plant stand;Maintain moderate soil moisture during tillering;Apply organic manure before transplanting;Control leaf spot diseases organically;Harvest when ear heads turn brown
Chickpea,Cereal/Pulse,Black soil,May-June,24,38,69,GerminationГўВЂВ“Panicle initiationГўВЂВ“MaturityГўВЂВ“VegetativeГўВЂВ“Grain filling,20,Every 3 days,"Groundnut cake, Bone meal, Phosphate compost","Neem seed kernel extract, Light traps","Germination: 0-20, Tillering: 21-60, Maturity: 61-100, Harvest: 101-120",5.1ГўВЂВ“6.2,Yes,Avoid excess irrigation to prevent root rot;Apply organic manure before sowing;Monitor pod borer early using traps;Maintain proper spacing for airflow;Harvest when plants turn yellow
Lentil,Cereal/Pulse,Loamy,Feb-Mar,15,25,90,Panicle initiationГўВЂВ“MaturityГўВЂВ“VegetativeГўВЂВ“Grain fillingГўВЂВ“Germination,56,Weekly,"Leaf compost, Farmyard manure, Rhizobium compost","Turmeric spray, Sticky traps","Germination: 0-20, Tillering: 21-60, Maturity: 61-100, Harvest: 101-120",5.7ГўВЂВ“6.6,Yes,Ensure well-drained soil to avoid root diseases;Avoid excess irrigation during flowering;Apply organic manure before sowing;Monitor aphids early using organic sprays;Harvest when pods turn brown
Green Gram,Cereal/Pulse,Clay loam,Feb-Mar,17,29,102,FloweringГўВЂВ“FruitingГўВЂВ“MaturityГўВЂВ“GerminationГўВЂВ“Seedling,41,Weekly,"Rhizobium compost, Groundnut cake, Bone meal","Neem seed kernel extract, Light traps","Germination: 0-20, Tillering: 21-60, Maturity: 61-100, Harvest: 101-120",5.4ГўВЂВ“6.4,Yes,Sow in well-drained soil for quick germination;Avoid water stress during flowering;Apply organic manure at sowing;Control sucking pests early;Harvest when pods turn black
Black Gram,Cereal/Pulse,Loamy,Feb-Mar,15,25,80,SeedlingГўВЂВ“VegetativeГўВЂВ“FloweringГўВЂВ“FruitingГўВЂВ“Maturity,11,Every 2 days,"Cow dung compost, Vermicompost, Bio-compost","Turmeric spray, Sticky traps","Germination: 0-20, Tillering: 21-60, Maturity: 61-100, Harvest: 101-120",5.2ГўВЂВ“6.1,Yes,Ensure proper spacing to reduce disease incidence;Avoid excess irrigation during pod maturity;Apply organic manure before sowing;Monitor yellow mosaic disease early;Harvest when pods dry completely
Pigeon Pea,Cereal/Pulse,Clay loam,Oct-Nov,22,34,77,FloweringГўВЂВ“FruitingГўВЂВ“MaturityГўВЂВ“GerminationГўВЂВ“Seedling,73,Every 3 days,"Green manure, Potash compost, Panchagavya","Neem oil spray, Beauveria bassiana","Germination: 0-20, Tillering: 21-60, Maturity: 61-100, Harvest: 101-120",5.2ГўВЂВ“6.1,Yes,Ensure good drainage to avoid water stagnation;Avoid excess nitrogen for balanced growth;Control pod borer using organic sprays;Prune early growth to encourage branching;Harvest pods when fully mature
Soybean,Cereal/Pulse,Black soil,May-June,24,38,69,ReproductiveГўВЂВ“VegetativeГўВЂВ“SproutingГўВЂВ“Maturity,89,Every 3 days,"Farmyard manure, Rhizobium compost, Groundnut cake","Light traps, Neem seed kernel extract","Germination: 0-20, Tillering: 21-60, Maturity: 61-100, Harvest: 101-120",5.6ГўВЂВ“6.7,Yes,Ensure proper drainage to prevent root rot;Avoid excess irrigation during early growth;Apply organic manure at sowing time;Monitor pod borer using organic traps;Harvest when leaves yellow and pods dry
Kidney Beans,Cereal/Pulse,Clay loam,June-July,22,34,97,Seed fillingГўВЂВ“GerminationГўВЂВ“Pod formationГўВЂВ“MaturityГўВЂВ“Vegetative,51,Every 3 days,"Cow dung compost, Vermicompost, Bio-compost","Pheromone traps, Ginger-garlic extract","Germination: 0-20, Tillering: 21-60, Maturity: 61-100, Harvest: 101-120",5.2ГўВЂВ“6.1,Yes,Sow seeds in cool weather for better germination;Avoid excess nitrogen to promote pod formation;Maintain moderate moisture during flowering;Provide support to tall varieties;Harvest pods when seeds are fully developed
Horse Gram,Cereal/Pulse,Clay loam,June-July,22,34,97,FloweringГўВЂВ“GerminationГўВЂВ“Bud formationГўВЂВ“MaturityГўВЂВ“Vegetative,44,Every 3 days,"Pressmud compost, Leaf compost, Farmyard manure","Chili garlic spray, Soil solarization","Germination: 0-20, Tillering: 21-60, Maturity: 61-100, Harvest: 101-120",5.2ГўВЂВ“6.1,Yes,Grow in well-drained light soil;Avoid excess irrigation during early growth;Apply organic manure before sowing;Monitor leaf webber early using organic sprays;Harvest when capsules turn yellow
Sugarcane,Cereal,Loamy,Feb-Mar,20,35,300,TilleringГўВЂВ“ReproductiveГўВЂВ“GerminationГўВЂВ“Stem elongationГўВЂВ“Maturity,999,Weekly,"Rhizobium compost, Groundnut cake, Bone meal","Neem seed kernel extract, Light traps","Germination 0-20, Tillering 21-60, Grand growth 61-180, Maturity 181-300",5.0ГўВЂВ“5.8,Yes,Use healthy seed setts for uniform sprouting;Maintain good soil moisture during tillering;Apply organic manure in split doses;Remove excess tillers to improve cane quality;Harvest at proper maturity for sugar recovery
Peanut,Pulse,Sandy loam,June-July,18,30,120,TilleringГўВЂВ“ReproductiveГўВЂВ“GerminationГўВЂВ“Stem elongationГўВЂВ“Maturity,1000,Every 3 days,"Farmyard manure, Rhizobium compost, Groundnut cake","Beauveria bassiana, Neem oil spray","Germination 0-10, Flowering 11-30, Pegging 31-70, Maturity 71-120",5.2ГўВЂВ“6.1,Yes,Grow in loose sandy soil for pod penetration;Avoid excess nitrogen to promote pegging;Maintain uniform moisture during pegging stage;Earth up lightly to support pod formation;Harvest when inner shell veins darken
